[{"id":"user-image-imageedit_7_7903921994.png","publicUrl":"np://user.desktop.nicepage.com/Site_195129800/images/imageedit_7_7903921994.png","size":15744,"hash":"uZMmjEsKvvDiov2+TUW680aZjog=","fileName":"imageedit_7_7903921994.png","name":"imageedit_7_7903921994","width":514,"height":61,"thumbnail":{"url":"np://user.desktop.nicepage.com/Site_195129800/images/thumbnails/imageedit_7_7903921994.png","width":250,"height":30},"folderId":null,"usages":[]},{"id":"user-image-logo.png","publicUrl":"np://user.desktop.nicepage.com/Site_195129800/images/logo.png","size":272567,"hash":"OxdiuOCMDkV/EJc/2PBrhNbbl0c=","fileName":"logo.png","name":"logo","width":1024,"height":1024,"thumbnail":{"url":"np://user.desktop.nicepage.com/Site_195129800/images/thumbnails/logo.png","width":250,"height":250},"folderId":null,"usages":[]},{"id":"user-image-f125ed13efc1086414c8efe253447cc3.png","publicUrl":"np://user.desktop.nicepage.com/Site_195129800/images/f125ed13efc1086414c8efe253447cc3.png","size":701785,"hash":"T4jTiCjOwRHxU7wrnG5dLgq2Sdc=","fileName":"f125ed13efc1086414c8efe253447cc3.png","name":"f125ed13efc1086414c8efe253447cc3","width":765,"height":1080,"thumbnail":{"url":"np://user.desktop.nicepage.com/Site_195129800/images/thumbnails/f125ed13efc1086414c8efe253447cc3.png","width":177,"height":250},"folderId":null,"originalUrl":"//images01.nicepage.com/f1/25/f125ed13efc1086414c8efe253447cc3.png","usages":["972324036"]},{"id":"user-image-d0f2409a14bb07103fd5e5f4164e09b3.png","publicUrl":"np://user.desktop.nicepage.com/Site_195129800/images/d0f2409a14bb07103fd5e5f4164e09b3.png","size":475551,"hash":"MkDZUXc+//AN+zkWOZcrb0ESefk=","fileName":"d0f2409a14bb07103fd5e5f4164e09b3.png","name":"d0f2409a14bb07103fd5e5f4164e09b3","width":719,"height":1080,"thumbnail":{"url":"np://user.desktop.nicepage.com/Site_195129800/images/thumbnails/d0f2409a14bb07103fd5e5f4164e09b3.png","width":166,"height":250},"folderId":null,"originalUrl":"//images01.nicepage.com/d0/f2/d0f2409a14bb07103fd5e5f4164e09b3.png","usages":["972324036"]},{"id":"user-image-fd645fffe75a3b862c96027a9831be32.jpeg","publicUrl":"np://user.desktop.nicepage.com/Site_195129800/images/fd645fffe75a3b862c96027a9831be32.jpeg","size":54069,"hash":"Y1+lyK+TkdnaA+weJNnQYxBUo2k=","fileName":"fd645fffe75a3b862c96027a9831be32.jpeg","name":"fd645fffe75a3b862c96027a9831be32","width":1125,"height":750,"thumbnail":{"url":"np://user.desktop.nicepage.com/Site_195129800/images/thumbnails/fd645fffe75a3b862c96027a9831be32.jpeg","width":250,"height":167},"folderId":null,"originalUrl":"//images01.nicepage.com/fd/64/fd645fffe75a3b862c96027a9831be32.jpeg","usages":["972324036"]},{"id":"user-image-83f7548bcdd3793c15d2fbee3892aa56.png","publicUrl":"np://user.desktop.nicepage.com/Site_195129800/images/83f7548bcdd3793c15d2fbee3892aa56.png","size":96171,"hash":"qGwwxZBNbWDmdaXOq/GcuE6YxgU=","fileName":"83f7548bcdd3793c15d2fbee3892aa56.png","name":"83f7548bcdd3793c15d2fbee3892aa56","width":1000,"height":545,"thumbnail":{"url":"np://user.desktop.nicepage.com/Site_195129800/images/thumbnails/83f7548bcdd3793c15d2fbee3892aa56.png","width":250,"height":136},"folderId":null,"originalUrl":"//images01.nicepage.com/83/f7/83f7548bcdd3793c15d2fbee3892aa56.png","usages":["972324036"]},{"id":"user-image-b5fe5145dc5c44d9f83a05cdad99ab29.jpeg","publicUrl":"np://user.desktop.nicepage.com/Site_195129800/images/b5fe5145dc5c44d9f83a05cdad99ab29.jpeg","size":32076,"hash":"xMEKcVIv8P5s+NPXCquwnEXZg7s=","fileName":"b5fe5145dc5c44d9f83a05cdad99ab29.jpeg","name":"b5fe5145dc5c44d9f83a05cdad99ab29","width":1125,"height":750,"thumbnail":{"url":"np://user.desktop.nicepage.com/Site_195129800/images/thumbnails/b5fe5145dc5c44d9f83a05cdad99ab29.jpeg","width":250,"height":167},"folderId":null,"originalUrl":"//images01.nicepage.com/b5/fe/b5fe5145dc5c44d9f83a05cdad99ab29.jpeg","usages":["972324036"]},{"id":"user-image-b6f4c452eabd98602023c4a997ae454e.jpeg","publicUrl":"np://user.desktop.nicepage.com/Site_195129800/images/b6f4c452eabd98602023c4a997ae454e.jpeg","size":57548,"hash":"bexNcqeKng0llhBt4CwXSKA7Y5g=","fileName":"b6f4c452eabd98602023c4a997ae454e.jpeg","name":"b6f4c452eabd98602023c4a997ae454e","width":1125,"height":750,"thumbnail":{"url":"np://user.desktop.nicepage.com/Site_195129800/images/thumbnails/b6f4c452eabd98602023c4a997ae454e.jpeg","width":250,"height":167},"folderId":null,"originalUrl":"//images01.nicepage.com/b6/f4/b6f4c452eabd98602023c4a997ae454e.jpeg","usages":["972324036"]},{"id":"user-image-ff8d8bc18ea3d33187ee1aa300a5f9f7.jpeg","publicUrl":"np://user.desktop.nicepage.com/Site_195129800/images/ff8d8bc18ea3d33187ee1aa300a5f9f7.jpeg","size":189692,"hash":"YJbCHUebBOAbOfyDeZlE7BbvzG0=","fileName":"ff8d8bc18ea3d33187ee1aa300a5f9f7.jpeg","name":"ff8d8bc18ea3d33187ee1aa300a5f9f7","width":835,"height":750,"thumbnail":{"url":"np://user.desktop.nicepage.com/Site_195129800/images/thumbnails/ff8d8bc18ea3d33187ee1aa300a5f9f7.jpeg","width":250,"height":225},"folderId":null,"originalUrl":"//images01.nicepage.com/ff/8d/ff8d8bc18ea3d33187ee1aa300a5f9f7.jpeg","usages":["972324036"]},{"id":"user-image-c711b9a56700bd1c8b0294e95256ec28.jpeg","publicUrl":"np://user.desktop.nicepage.com/Site_195129800/images/c711b9a56700bd1c8b0294e95256ec28.jpeg","size":96559,"hash":"fLumHXDwPnTHN99qhNwZIir2bGg=","fileName":"c711b9a56700bd1c8b0294e95256ec28.jpeg","name":"c711b9a56700bd1c8b0294e95256ec28","width":1260,"height":745,"thumbnail":{"url":"np://user.desktop.nicepage.com/Site_195129800/images/thumbnails/c711b9a56700bd1c8b0294e95256ec28.jpeg","width":250,"height":148},"folderId":null,"originalUrl":"//images01.nicepage.com/c7/11/c711b9a56700bd1c8b0294e95256ec28.jpeg","usages":["972324036"]},{"id":"user-image-cbdcdba2c3d2a70b362554a6b4fd749a.jpeg","publicUrl":"np://user.desktop.nicepage.com/Site_195129800/images/cbdcdba2c3d2a70b362554a6b4fd749a.jpeg","size":76333,"hash":"DgKVORZCBY0zVnRq+BiLOz6dX6w=","fileName":"cbdcdba2c3d2a70b362554a6b4fd749a.jpeg","name":"cbdcdba2c3d2a70b362554a6b4fd749a","width":1529,"height":972,"thumbnail":{"url":"np://user.desktop.nicepage.com/Site_195129800/images/thumbnails/cbdcdba2c3d2a70b362554a6b4fd749a.jpeg","width":250,"height":159},"folderId":null,"originalUrl":"//images01.nicepage.com/cb/dc/cbdcdba2c3d2a70b362554a6b4fd749a.jpeg","usages":["972324036"]}]