[{"id":8175190,"title":"Blog Template","order":1,"templateKey":"blog","customTemplate":false,"customTemplateFilename":null,"pageLinks":[],"dateCreated":"2024-10-14T09:57:17.546Z","dateUpdated":"2024-10-14T09:57:18.090Z","folderId":null,"pageName":"Blog Template","serverPageId":null,"sectionCount":1,"status":2,"backwardUrl":null},{"id":784704957,"title":"Post Template","order":2,"templateKey":"post","customTemplate":false,"customTemplateFilename":null,"pageLinks":[],"dateCreated":"2024-10-14T09:57:17.608Z","dateUpdated":"2024-10-14T09:57:18.090Z","folderId":null,"pageName":"Post Template","serverPageId":null,"sectionCount":1,"status":2,"backwardUrl":null},{"id":2256629890,"title":"Product List Template","order":3,"templateKey":"products","customTemplate":false,"customTemplateFilename":null,"pageLinks":[],"dateCreated":"2024-10-14T09:57:17.657Z","dateUpdated":"2024-10-14T09:57:18.090Z","folderId":null,"pageName":"Product List Template","serverPageId":null,"sectionCount":1,"status":2,"backwardUrl":null},{"id":91311210,"title":"Product Details Template","order":4,"templateKey":"product","customTemplate":false,"customTemplateFilename":null,"pageLinks":[],"dateCreated":"2024-10-14T09:57:17.708Z","dateUpdated":"2024-10-14T09:57:18.090Z","folderId":null,"pageName":"Product Details Template","serverPageId":null,"sectionCount":1,"status":2,"backwardUrl":null},{"id":233616812,"title":"Shopping Cart Template","order":5,"templateKey":"cart","customTemplate":false,"customTemplateFilename":null,"pageLinks":[],"dateCreated":"2024-10-14T09:57:17.768Z","dateUpdated":"2024-10-14T09:57:18.090Z","folderId":null,"pageName":"Shopping Cart Template","serverPageId":null,"sectionCount":1,"status":2,"backwardUrl":null},{"id":31890202,"title":"Checkout Template","order":6,"templateKey":"checkout","customTemplate":false,"customTemplateFilename":null,"pageLinks":[],"dateCreated":"2024-10-14T09:57:17.825Z","dateUpdated":"2024-10-14T09:57:18.090Z","folderId":null,"pageName":"Checkout Template","serverPageId":null,"sectionCount":1,"status":2,"backwardUrl":null},{"id":2855619958,"title":"Login Template","order":7,"templateKey":"login","customTemplate":false,"customTemplateFilename":null,"pageLinks":[],"dateCreated":"2024-10-14T09:57:17.865Z","dateUpdated":"2024-10-14T09:57:18.090Z","folderId":null,"pageName":"Login Template","serverPageId":null,"sectionCount":1,"status":2,"backwardUrl":null},{"id":1057718448,"title":"Search Page Template","order":8,"templateKey":"Search","customTemplate":false,"customTemplateFilename":null,"pageLinks":[],"dateCreated":"2024-10-14T09:57:17.895Z","dateUpdated":"2024-10-14T09:57:18.090Z","folderId":null,"pageName":"Search Page Template","serverPageId":null,"sectionCount":1,"status":2,"backwardUrl":null},{"id":509723771,"title":"Page Password Template","order":9,"templateKey":"password","customTemplate":false,"customTemplateFilename":null,"pageLinks":[],"dateCreated":"2024-10-14T09:57:17.923Z","dateUpdated":"2024-10-14T09:57:18.090Z","folderId":null,"pageName":"Page Password Template","serverPageId":null,"sectionCount":1,"status":2,"backwardUrl":null},{"id":10908234,"title":"404 Not Found Template","order":10,"templateKey":"404","customTemplate":false,"customTemplateFilename":null,"pageLinks":[],"dateCreated":"2024-10-14T09:57:17.946Z","dateUpdated":"2024-10-14T09:57:18.090Z","folderId":null,"pageName":"404 Not Found Template","serverPageId":null,"sectionCount":1,"status":2,"backwardUrl":null},{"id":128505857,"title":"Thank You Page Template","order":11,"templateKey":"ThankYou","customTemplate":false,"customTemplateFilename":null,"pageLinks":[],"dateCreated":"2024-10-14T09:57:17.966Z","dateUpdated":"2024-10-14T09:57:18.090Z","folderId":null,"pageName":"Thank You Page Template","serverPageId":null,"sectionCount":1,"status":2,"backwardUrl":null},{"id":972324036,"title":"Home","order":50,"templateKey":null,"customTemplate":false,"customTemplateFilename":null,"pageLinks":[],"dateCreated":"2024-10-14T09:58:34.665Z","dateUpdated":"2024-11-06T07:59:11.831Z","folderId":null,"pageName":"Home_972324036","serverPageId":null,"sectionCount":11,"status":2,"backwardUrl":null},{"id":1739610149,"title":"About","order":100,"templateKey":null,"customTemplate":false,"customTemplateFilename":null,"pageLinks":[],"dateCreated":"2024-10-14T09:57:17.981Z","dateUpdated":"2024-10-14T09:57:18.090Z","folderId":null,"pageName":"About_1739610149","serverPageId":null,"sectionCount":1,"status":2,"backwardUrl":null},{"id":98558515,"title":"Contact","order":101,"templateKey":null,"customTemplate":false,"customTemplateFilename":null,"pageLinks":[],"dateCreated":"2024-10-14T09:57:17.993Z","dateUpdated":"2024-10-14T09:57:18.090Z","folderId":null,"pageName":"Contact_98558515","serverPageId":null,"sectionCount":1,"status":2,"backwardUrl":null}]